date,event,actual,forecast,previous,cpi_surprise,cpi_available
2007-01-18,CPI m/m,0.5,0.5,0.0,0.0,1
2007-02-21,CPI m/m,0.2,0.2,0.5,0.0,1
2007-03-16,CPI m/m,0.4,0.3,0.2,0.10000000000000003,1
2007-04-17,CPI m/m,0.6,0.6,0.4,0.0,1
2007-05-15,CPI m/m,0.4,0.5,0.6,-0.09999999999999998,1
2007-06-15,CPI m/m,0.7,0.6,0.4,0.09999999999999998,1
2007-07-18,CPI m/m,0.2,0.1,0.7,0.1,1
2007-08-15,CPI m/m,0.1,0.2,0.2,-0.1,1
2007-09-19,CPI m/m,-0.1,0.0,0.1,-0.1,1
2007-10-17,CPI m/m,0.3,0.2,-0.1,0.09999999999999998,1
2007-11-15,CPI m/m,0.3,0.3,0.3,0.0,1
2007-12-14,CPI m/m,0.8,0.6,0.3,0.20000000000000007,1
2008-01-16,CPI m/m,0.3,0.2,0.8,0.09999999999999998,1
2008-02-20,CPI m/m,0.4,0.3,0.3,0.10000000000000003,1
2008-03-14,CPI m/m,0.0,0.3,0.4,-0.3,1
2008-04-16,CPI m/m,0.3,0.3,0.0,0.0,1
2008-05-14,CPI m/m,0.2,0.3,0.3,-0.09999999999999998,1
2008-06-13,CPI m/m,0.6,0.5,0.2,0.09999999999999998,1
2008-07-16,CPI m/m,1.1,0.7,0.6,0.40000000000000013,1
2008-08-14,CPI m/m,0.8,0.4,1.1,0.4,1
2008-09-16,CPI m/m,-0.1,0.0,0.8,-0.1,1
2008-10-16,CPI m/m,0.0,0.1,-0.1,-0.1,1
2008-11-19,CPI m/m,-1.0,-0.8,0.0,-0.19999999999999996,1
2008-12-16,CPI m/m,-1.7,-1.2,-1.0,-0.5,1
2009-01-16,CPI m/m,-0.7,-0.8,-1.7,0.10000000000000009,1
2009-02-20,CPI m/m,0.3,0.2,-0.7,0.09999999999999998,1
2009-03-18,CPI m/m,0.4,0.3,0.3,0.10000000000000003,1
2009-04-15,CPI m/m,-0.1,0.1,0.4,-0.2,1
2009-05-15,CPI m/m,0.0,0.0,-0.1,0.0,1
2009-06-17,CPI m/m,0.1,0.3,0.0,-0.19999999999999998,1
2009-07-15,CPI m/m,0.7,0.6,0.1,0.09999999999999998,1
2009-08-14,CPI m/m,0.0,0.0,0.7,0.0,1
2009-09-16,CPI m/m,0.4,0.3,0.0,0.10000000000000003,1
2009-10-15,CPI m/m,0.2,0.2,0.4,0.0,1
2009-11-18,CPI m/m,0.3,0.2,0.2,0.09999999999999998,1
2009-12-16,CPI m/m,0.4,0.4,0.3,0.0,1
2010-01-15,CPI m/m,0.1,0.2,0.4,-0.1,1
2010-02-19,CPI m/m,0.2,0.3,0.1,-0.09999999999999998,1
2010-03-18,CPI m/m,0.0,0.1,0.2,-0.1,1
2010-04-14,CPI m/m,0.1,0.1,0.0,0.0,1
2010-05-19,CPI m/m,-0.1,0.2,0.1,-0.30000000000000004,1
2010-06-17,CPI m/m,-0.2,-0.2,-0.1,0.0,1
2010-07-16,CPI m/m,-0.1,0.0,-0.2,-0.1,1
2010-08-13,CPI m/m,0.3,0.2,-0.1,0.09999999999999998,1
2010-09-17,CPI m/m,0.3,0.2,0.3,0.09999999999999998,1
2010-10-15,CPI m/m,0.1,0.2,0.3,-0.1,1
2010-11-17,CPI m/m,0.2,0.3,0.1,-0.09999999999999998,1
2010-12-15,CPI m/m,0.1,0.2,0.2,-0.1,1
2011-01-14,CPI m/m,0.5,0.4,0.1,0.09999999999999998,1
2011-02-17,CPI m/m,0.4,0.3,0.5,0.10000000000000003,1
2011-03-17,CPI m/m,0.5,0.5,0.4,0.0,1
2011-04-15,CPI m/m,0.5,0.5,0.5,0.0,1
2011-05-13,CPI m/m,0.4,0.4,0.5,0.0,1
2011-06-15,CPI m/m,0.2,0.2,0.4,0.0,1
2011-07-15,CPI m/m,-0.2,-0.1,0.2,-0.1,1
2011-08-18,CPI m/m,0.5,0.2,-0.2,0.3,1
2011-09-15,CPI m/m,0.4,0.2,0.5,0.2,1
2011-10-19,CPI m/m,0.3,0.3,0.4,0.0,1
2011-11-16,CPI m/m,-0.1,0.0,0.3,-0.1,1
2011-12-16,CPI m/m,0.0,0.1,-0.1,-0.1,1
2012-01-19,CPI m/m,0.0,0.1,0.0,-0.1,1
2012-02-17,CPI m/m,0.2,0.3,0.0,-0.09999999999999998,1
2012-03-16,CPI m/m,0.4,0.4,0.2,0.0,1
2012-04-13,CPI m/m,0.3,0.2,0.4,0.09999999999999998,1
2012-05-15,CPI m/m,0.0,0.1,0.3,-0.1,1
2012-06-14,CPI m/m,-0.3,-0.2,0.0,-0.09999999999999998,1
2012-07-17,CPI m/m,0.0,0.0,-0.3,0.0,1
2012-08-15,CPI m/m,0.0,0.2,0.0,-0.2,1
2012-09-14,CPI m/m,0.6,0.5,0.0,0.09999999999999998,1
2012-10-16,CPI m/m,0.6,0.4,0.6,0.19999999999999996,1
2012-11-15,CPI m/m,0.1,0.1,0.6,0.0,1
2012-12-14,CPI m/m,-0.3,-0.2,0.1,-0.09999999999999998,1
2013-01-16,CPI m/m,0.0,0.0,-0.3,0.0,1
2013-02-21,CPI m/m,0.0,0.1,0.0,-0.1,1
2013-03-15,CPI m/m,0.7,0.6,0.0,0.09999999999999998,1
2013-04-16,CPI m/m,-0.2,0.0,0.7,-0.2,1
2013-05-16,CPI m/m,-0.4,-0.3,-0.2,-0.10000000000000003,1
2013-06-18,CPI m/m,0.1,0.1,-0.4,0.0,1
2013-07-16,CPI m/m,0.5,0.3,0.1,0.2,1
2013-08-15,CPI m/m,0.2,0.2,0.5,0.0,1
2013-09-17,CPI m/m,0.1,0.2,0.2,-0.1,1
2013-10-30,CPI m/m,0.2,0.2,0.1,0.0,1
2013-11-20,CPI m/m,-0.1,0.0,0.2,-0.1,1
2013-12-17,CPI m/m,0.0,0.1,-0.1,-0.1,1
2014-01-16,CPI m/m,0.3,0.3,0.0,0.0,1
2014-02-20,CPI m/m,0.1,0.1,0.3,0.0,1
2014-03-18,CPI m/m,0.1,0.1,0.1,0.0,1
2014-04-15,CPI m/m,0.2,0.1,0.1,0.1,1
2014-05-15,CPI m/m,0.3,0.3,0.2,0.0,1
2014-06-17,CPI m/m,0.4,0.2,0.3,0.2,1
2014-07-22,CPI m/m,0.3,0.3,0.4,0.0,1
2014-08-19,CPI m/m,0.1,0.1,0.3,0.0,1
2014-09-17,CPI m/m,-0.2,0.1,0.1,-0.30000000000000004,1
2014-10-22,CPI m/m,0.1,0.0,-0.2,0.1,1
2014-11-20,CPI m/m,0.0,-0.1,0.1,0.1,1
2014-12-17,CPI m/m,-0.3,-0.1,0.0,-0.19999999999999998,1
2015-01-16,CPI m/m,-0.4,-0.3,-0.3,-0.10000000000000003,1
2015-02-26,CPI m/m,-0.7,-0.6,-0.4,-0.09999999999999998,1
2015-03-24,CPI m/m,0.2,0.2,-0.7,0.0,1
2015-04-17,CPI m/m,0.2,0.2,0.2,0.0,1
2015-05-22,CPI m/m,0.1,0.1,0.2,0.0,1
2015-06-18,CPI m/m,0.4,0.5,0.1,-0.09999999999999998,1
2015-07-17,CPI m/m,0.3,0.3,0.4,0.0,1
2015-08-19,CPI m/m,0.1,0.2,0.3,-0.1,1
2015-09-16,CPI m/m,-0.1,0.0,0.1,-0.1,1
2015-10-15,CPI m/m,-0.2,-0.2,-0.1,0.0,1
2015-11-17,CPI m/m,0.2,0.2,-0.2,0.0,1
2015-12-15,CPI m/m,0.0,0.0,0.2,0.0,1
2016-01-20,CPI m/m,-0.1,0.0,0.0,-0.1,1
2016-02-19,CPI m/m,0.0,-0.1,-0.1,0.1,1
2016-03-16,CPI m/m,-0.2,-0.2,0.0,0.0,1
2016-04-14,CPI m/m,0.1,0.2,-0.2,-0.1,1
2016-05-17,CPI m/m,0.4,0.3,0.1,0.10000000000000003,1
2016-06-16,CPI m/m,0.2,0.3,0.4,-0.09999999999999998,1
2016-07-15,CPI m/m,0.2,0.2,0.2,0.0,1
2016-08-16,CPI m/m,0.0,0.0,0.2,0.0,1
2016-09-16,CPI m/m,0.2,0.1,0.0,0.1,1
2016-10-18,CPI m/m,0.3,0.3,0.2,0.0,1
2016-11-17,CPI m/m,0.4,0.4,0.3,0.0,1
2016-12-15,CPI m/m,0.2,0.2,0.4,0.0,1
2017-01-18,CPI m/m,0.3,0.3,0.2,0.0,1
2017-02-15,CPI m/m,0.6,0.3,0.3,0.3,1
2017-03-15,CPI m/m,0.1,0.0,0.6,0.1,1
2017-04-14,CPI m/m,-0.3,0.0,0.1,-0.3,1
2017-05-12,CPI m/m,0.2,0.3,-0.3,-0.09999999999999998,1
2017-06-14,CPI m/m,-0.1,0.2,0.2,-0.30000000000000004,1
2017-07-14,CPI m/m,0.0,0.1,-0.1,-0.1,1
2017-08-11,CPI m/m,0.1,0.2,0.0,-0.1,1
2017-09-14,CPI m/m,0.4,0.3,0.1,0.10000000000000003,1
2017-10-13,CPI m/m,0.5,0.6,0.4,-0.09999999999999998,1
2017-11-15,CPI m/m,0.1,0.1,0.5,0.0,1
2017-12-13,CPI m/m,0.4,0.4,0.1,0.0,1
2018-01-12,CPI m/m,0.1,0.1,0.4,0.0,1
2018-02-14,CPI m/m,0.5,0.3,0.1,0.2,1
2018-03-13,CPI m/m,0.2,0.2,0.5,0.0,1
2018-04-11,CPI m/m,-0.1,0.0,0.2,-0.1,1
2018-05-10,CPI m/m,0.2,0.3,-0.1,-0.09999999999999998,1
2018-06-12,CPI m/m,0.2,0.2,0.2,0.0,1
2018-07-12,CPI m/m,0.1,0.2,0.2,-0.1,1
2018-08-10,CPI m/m,0.2,0.2,0.1,0.0,1
2018-09-13,CPI m/m,0.2,0.3,0.2,-0.09999999999999998,1
2018-10-11,CPI m/m,0.1,0.2,0.2,-0.1,1
2018-11-14,CPI m/m,0.3,0.3,0.1,0.0,1
2018-12-12,CPI m/m,0.0,0.0,0.3,0.0,1
2019-01-11,CPI m/m,-0.1,-0.1,0.0,0.0,1
2019-02-13,CPI m/m,0.0,0.1,-0.1,-0.1,1
2019-03-12,CPI m/m,0.2,0.2,0.0,0.0,1
2019-04-10,CPI m/m,0.4,0.3,0.2,0.10000000000000003,1
2019-05-10,CPI m/m,0.3,0.4,0.4,-0.10000000000000003,1
2019-06-12,CPI m/m,0.1,0.1,0.3,0.0,1
2019-07-11,CPI m/m,0.1,0.0,0.1,0.1,1
2019-08-13,CPI m/m,0.3,0.3,0.1,0.0,1
2019-09-12,CPI m/m,0.1,0.1,0.3,0.0,1
2019-10-10,CPI m/m,0.0,0.1,0.1,-0.1,1
2019-11-13,CPI m/m,0.4,0.3,0.0,0.10000000000000003,1
2019-12-11,CPI m/m,0.3,0.2,0.4,0.09999999999999998,1
2020-01-14,CPI m/m,0.2,0.2,0.3,0.0,1
2020-02-13,CPI m/m,0.1,0.2,0.2,-0.1,1
2020-03-11,CPI m/m,0.1,0.0,0.1,0.1,1
2020-04-10,CPI m/m,-0.4,-0.3,0.1,-0.10000000000000003,1
2020-05-12,CPI m/m,-0.8,-0.7,-0.4,-0.10000000000000009,1
2020-06-10,CPI m/m,-0.1,0.0,-0.8,-0.1,1
2020-07-14,CPI m/m,0.6,0.5,-0.1,0.09999999999999998,1
2020-08-12,CPI m/m,0.6,0.3,0.6,0.3,1
2020-09-11,CPI m/m,0.4,0.3,0.6,0.10000000000000003,1
2020-10-13,CPI m/m,0.2,0.2,0.4,0.0,1
2020-11-12,CPI m/m,0.0,0.1,0.2,-0.1,1
2020-12-10,CPI m/m,0.2,0.1,0.0,0.1,1
2021-01-13,CPI m/m,0.4,0.4,0.2,0.0,1
2021-02-10,CPI m/m,0.3,0.3,0.4,0.0,1
2021-03-10,CPI m/m,0.4,0.4,0.3,0.0,1
2021-04-13,CPI m/m,0.6,0.5,0.4,0.09999999999999998,1
2021-05-12,CPI m/m,0.8,0.2,0.6,0.6000000000000001,1
2021-06-10,CPI m/m,0.6,0.4,0.8,0.19999999999999996,1
2021-07-13,CPI m/m,0.9,0.5,0.6,0.4,1
2021-08-11,CPI m/m,0.5,0.5,0.9,0.0,1
2021-09-14,CPI m/m,0.3,0.4,0.5,-0.10000000000000003,1
2021-10-13,CPI m/m,0.4,0.3,0.3,0.10000000000000003,1
2021-11-10,CPI m/m,0.9,0.6,0.4,0.30000000000000004,1
2021-12-10,CPI m/m,0.8,0.7,0.9,0.10000000000000009,1
2022-01-12,CPI m/m,0.5,0.4,0.8,0.09999999999999998,1
2022-02-10,CPI m/m,0.6,0.4,0.5,0.19999999999999996,1
2022-03-10,CPI m/m,0.8,0.8,0.6,0.0,1
2022-04-12,CPI m/m,1.2,1.2,0.8,0.0,1
2022-05-11,CPI m/m,0.3,0.2,1.2,0.09999999999999998,1
2022-06-10,CPI m/m,1.0,0.7,0.3,0.30000000000000004,1
2022-07-13,CPI m/m,1.3,1.1,1.0,0.19999999999999996,1
2022-08-10,CPI m/m,0.0,0.2,1.3,-0.2,1
2022-09-13,CPI m/m,0.1,-0.1,0.0,0.2,1
2022-10-13,CPI m/m,0.4,0.2,0.1,0.2,1
2022-11-10,CPI m/m,0.4,0.6,0.4,-0.19999999999999996,1
2022-12-13,CPI m/m,0.1,0.3,0.4,-0.19999999999999998,1
2023-01-12,CPI m/m,-0.1,-0.1,0.1,0.0,1
2023-02-14,CPI m/m,0.5,0.5,-0.1,0.0,1
2023-03-14,CPI m/m,0.4,0.4,0.5,0.0,1
2023-04-12,CPI m/m,0.1,0.2,0.4,-0.1,1
2023-05-10,CPI m/m,0.4,0.4,0.1,0.0,1
2023-06-13,CPI m/m,0.1,0.2,0.4,-0.1,1
2023-07-12,CPI m/m,0.2,0.3,0.1,-0.09999999999999998,1
2023-08-10,CPI m/m,0.2,0.2,0.2,0.0,1
2023-09-13,CPI m/m,0.6,0.6,0.2,0.0,1
2023-10-12,CPI m/m,0.4,0.3,0.6,0.10000000000000003,1
2023-11-14,CPI m/m,0.0,0.1,0.4,-0.1,1
2023-12-12,CPI m/m,0.1,0.0,0.0,0.1,1
2024-01-11,CPI m/m,0.3,0.2,0.1,0.09999999999999998,1
2024-02-13,CPI m/m,0.3,0.2,0.3,0.09999999999999998,1
2024-03-12,CPI m/m,0.4,0.4,0.3,0.0,1
2024-04-10,CPI m/m,0.4,0.3,0.4,0.10000000000000003,1
2024-05-15,CPI m/m,0.3,0.4,0.4,-0.10000000000000003,1
2024-06-12,CPI m/m,0.0,0.1,0.3,-0.1,1
2024-07-11,CPI m/m,-0.1,0.1,0.0,-0.2,1
2024-08-14,CPI m/m,0.2,0.2,-0.1,0.0,1
2024-09-11,CPI m/m,0.2,0.2,0.2,0.0,1
2024-10-10,CPI m/m,0.2,0.1,0.2,0.1,1
2024-11-13,CPI m/m,0.2,0.2,0.2,0.0,1
2024-12-11,CPI m/m,0.3,0.3,0.2,0.0,1
2025-01-15,CPI m/m,0.4,0.4,0.3,0.0,1
2025-02-12,CPI m/m,0.5,0.3,0.4,0.2,1
2025-03-12,CPI m/m,0.2,0.3,0.5,-0.09999999999999998,1
2025-04-10,CPI m/m,-0.1,0.1,0.2,-0.2,1
2025-05-13,CPI m/m,0.2,0.3,-0.1,-0.09999999999999998,1
2025-06-11,CPI m/m,0.1,0.2,0.2,-0.1,1
2025-07-15,CPI m/m,0.3,0.3,0.1,0.0,1
2025-08-12,CPI m/m,0.2,0.2,0.3,0.0,1
2025-09-11,CPI m/m,0.4,0.3,0.2,0.10000000000000003,1
2025-10-24,CPI m/m,0.3,0.4,0.4,-0.10000000000000003,1
